{"cameraMode":{"drawMode":0,"name":"Shaded","section":"Shading Mode"},"sceneLighting":true,"audioPlay":false,"sceneViewState":{"showFog":true,"showMaterialUpdate":false,"showSkybox":true,"showFlares":true,"showImageEffects":true,"showParticleSystems":true},"in2DMode":false,"pivot":{"x":2.2114531993865969,"y":0.021000312641263009,"z":7.179491996765137},"rotation":{"x":-0.32540392875671389,"y":0.39014750719070437,"z":-0.14968495070934297,"w":-0.8482499122619629},"size":4.175024032592773,"orthographic":false}