{"cameraMode":{"drawMode":0,"name":"Shaded","section":"Shading Mode"},"sceneLighting":true,"audioPlay":false,"sceneViewState":{"showFog":true,"showMaterialUpdate":false,"showSkybox":true,"showFlares":true,"showImageEffects":true,"showParticleSystems":true},"in2DMode":false,"pivot":{"x":690.1561279296875,"y":286.56695556640627,"z":3.48046875},"rotation":{"x":-0.03930145874619484,"y":-0.005397733300924301,"z":0.0002057353558484465,"w":-0.9992310404777527},"size":371.8723449707031,"orthographic":false}